<?xml version="1.0" encoding="UTF-8"?>
<!-- Copyright (c) 2016-Present Webkul Software Pvt. Ltd. (<https://webkul.com/>) -->
<!-- See LICENSE file for full copyright and licensing details. -->
<!-- License URL : <https://store.webkul.com/license.html/> -->

<templates id="template" xml:space="preserve">
    <t t-extend="UserMenu.Actions">
        <t t-jquery="li:nth-child(5)" t-operation="replace"></t>
    </t>

    <t t-name="UserMenu.Actions">
        <div role="separator" class="dropdown-divider"/>
        <a role="menuitem" href="#" data-menu="settings" class="dropdown-item">Preferences</a>
        <a role="menuitem" href="#" data-menu="logout" class="dropdown-item">Log out</a>
    </t>
</templates>